username,rating,review_text,source,scraping_date
Luis Jara,1.0,"P√©simo servicio estoy en emergencia s√°bado 3 de enero, vine antes de las 12am. Son dos horas y solo pas√© triaje. No hay personas ya y sigo esperando cuando supuestamente hay t√≥picos disponibles. No s√© si ser√°n as√≠ con los EPS pac√≠fico o con todos pero esto es p√©simo. Anteriormente me atend√≠ en el Golf y fue muy r√°pido a pesar que hab√≠a mucha m√°s gente.",Google Maps,2026-02-02 23:10:15
Milagros Puccino,2.0,Terrible la espera atencion preferencial. Solo una persona atiende (1). Preferencial debe tener una atenci√≥n m√°s pronta. Sino cual es el  sentido‚Ä¶ de separar preferencial al final demora m√°s que la otra.,Google Maps,2026-02-02 23:10:15
Ximena Amasifuen,1.0,"No le pondr√≠a ni una estrella, hoy fui a atenderme por emergencias porque tengo los brazos hinchados, entumecidos y calientes y me dijeron que solo requer√≠a analg√©sicos. El ""doctor"" ni siquiera se tom√≥ la molestia de revisarme, ni palparme los brazos... UNA PORQUER√çA DE ATENCI√ìN. Aparte ten√≠a una p√©sima actitud, s√∫per soberbio, no me dio tranquilidad, parec√≠a que solo quer√≠a darme una receta y que me fuera, espero no tener que acudir a este sitio nunca m√°s.",Google Maps,2026-02-02 23:10:15
Camila Moquillaza,1.0,"Si pudiera, pondria 0 estrellas.Tuve cita virtual con la Dra. Angelica Valdivia. Queria ponerme en medicinas para bajar de peso sin siquiera haberme revisado o analizado, no queria mandarme examenes para ver mis niveles de glucosa o insulina, solo queria que empiece a medicarme. Actitud totalmente negligente. Y cuando intento comunicarme con atencion al cliente nadie contesta",Google Maps,2026-02-02 23:10:15
Cristhofer Torres,1.0,"P√©simo, no atienden con prioridad en emergencia, mas de 40m esperando en una habitaci√≥n, luego RX en 5 minutos y de nuevo a esperar mas de 40m, No se recomienda para nada atenderse en esta clinica.",Google Maps,2026-02-02 23:10:15
Goku Huaman,1.0,"Fui operado de la columna en la Cl√≠nica SANNA ‚Äì San Borja y mi experiencia fue muy negativa.
Despu√©s de la cirug√≠a, nunca me solicitaron im√°genes de control ni me dieron seguimiento adecuado.
El informe m√©dico omiti√≥ informaci√≥n importante, como el implante (caja intersom√°tica) que colocaron en mi columna, y se me dijo que no hab√≠a hernia, cuando luego otros especialistas confirmaron lo contrario.
Pas√© 9 meses con dolor intenso porque el implante estaba mal posicionado y afect√≥ mi nervio ci√°tico. Finalmente tuve que acudir a otra cl√≠nica para someterme a una segunda cirug√≠a correctiva, asumiendo m√°s gastos, m√°s dolor y m√°s tiempo perdido.
Hasta hoy sigo con secuelas por este mal manejo m√©dico.
Comparto mi experiencia para que otros pacientes est√©n informados y no tengan que pasar por lo mismo.",Google Maps,2026-02-02 23:10:15
Genesis Bravo,1.0,"50 minutos para atender una EMERGENCIA. El trato del personal en esa y en todas las √°reas de la cl√≠nica incluyendo ‚Äúdoctores‚Äù es muy poco profesional. Te marean de √°rea en √°rea porque nadie sabe c√≥mo hacer las cosas o a donde tienes que dirigirte, la atenci√≥n virtual es peor todav√≠a. Recomendar√≠a esta ‚Äúcl√≠nica‚Äù si quieren perder su tiempo, su dinero y la salud de sus familiares.",Google Maps,2026-02-02 23:10:15
Daniel P√©rez,5.0,"El lugar se ve moderno aunque no parece tan grande seg√∫n mi experiencia. Est√° ventilado y no muy lleno de gente. Hay wifi dentro de la cl√≠nica. Los precios son razonables para pacientes que tienen seguro y solo deben realizar copagos. Algunas cajas no cuentan con pago de tarjetas MC procesos lo que significa que no puedes pagar con MasterCard, AMEX o Diners Club. Tuve que ir a otra caja para pagar con AMEX lo cual hace perder tiempo, deber√≠an estar modernizado cada puesto de caja.

Actualizaci√≥n despu√©s de una cirug√≠a a la ves√≠cula.

Las pruebas de laboratorio son siempre con el laboratorio Precisa que es bueno y r√°pido. La prueba de COVID-19 molecular que me pidieron para una cirug√≠a la entregaron online a las 24 horas lo cual fue r√°pido. Un d√≠a antes de programada la cirug√≠a ves√≠cula, me llamaron para confirmar mi asistencia, el d√≠a de la cirug√≠a que era a las 8am me dijeron que deb√≠a llegar a las 5am e ingresar por el √°rea de emergencias. El lugar se ve√≠a limpio y casi vac√≠o en esa √°rea. Nos llevaron a mi y a mi acompa√±ante a mi habitaci√≥n donde pude dejar mis cosas en un peque√±o armario, junto al ba√±o. Las Habitaciones son del tama√±o necesario, tienen un ba√±o privado con agua temperada, un tel√©fono fijo con los distintos anexos, la cama a control, un sill√≥n peque√±o, una tv Miray simple hd donde solo puedes ver Movistar TV pero no p√°ginas de streaming como Netflix o Amazon Prime, adem√°s hab√≠a aire acondicionado que pod√≠a ser controlado desde la habitaci√≥n. Los puntos flojos en la habitaci√≥n eran que no hab√≠a ventilaci√≥n por la ventana ya que estaba cerrada herm√©ticamente y que el sof√° cama solo es un sof√° amplio pero no se agranda tanto como para que el acompa√±ante duerma en m√°s c√≥modo (solo se levanta el espaldar y se hace un poco m√°s ancho). Al momento de llegar te indican que puedes vestirte con una bata y un poco despu√©s de las 8am me llevaron a la sala de operaciones con una cama distinta. Para dormirme fue a trav√©s de un gas y despu√©s de la cirug√≠a te llevan a una sala de recuperaci√≥n donde despert√© con mascarilla de ox√≠geno mientras escuchaba todo alrededor. Eventualmente llegaron algunas enfermeras a trasladarte a tu nueva cama para regresar al cuarto. Desde ese momento solo queda reposar y la experiencia con el personal fue buena. Te vienen a medir la presi√≥n, temperatura y ox√≠geno en la sangre cada cierto tiempo de forma amable. La ma√±ana siguiente viene una se√±ora para el aro personal que es delicado a√∫n cuando es inevitable alguna molestia por la cirug√≠a. La segunda ma√±ana tambi√©n fue as√≠ el aseo en la cama pero un poco m√°s brusco y sin tanta dedicaci√≥n ni paciencia pero sin ser mala atenci√≥n, solo un poco fr√≠o. La dieta para cirug√≠a de ves√≠cula es sin grasas y l√≠quida as√≠ que todo estuvo bien aunque sin mucho sabor. Para mi acompa√±ante fue regular y suficiente sin llegar a ser buena. Cada comida aproximadamente cuesta S/. 13 para acompa√±ante y se cobra al final con la cuenta. El precio total aproximado fue de S/.13800 pero se paga se acuerdo a lo que toque cubrir con tu seguro. En mi caso aproximadamente S/.4500. El personal que cuida tu estad√≠a adem√°s del cirujano es muy amable en su mayor√≠a hay personal mayor y joven y todos son buenos. El personal mayormente joven resalt√≥ en su amabilidad. Algunas (02) enfermeras no fueron tan amables y fueron un poco rudas lo cual entiendo porque no todos tenemos d√≠as buenos. Sin embargo, Gloria en el turno de la noche (11/oct) y Maria Auxiliadora (10&12/oct) fueron estupendas, con mucha amabilidad y cari√±o se notaba que quer√≠an su trabajo y a los pacientes. La experiencia en su total fue buena, no imagino haber realizado la cirug√≠a en un hospital del estado con la poca empat√≠a que tienen con los pacientes seg√∫n la mayor√≠a de las experiencias (no todas).",Google Maps,2026-02-02 23:10:15
Anna Karina P√©rez Pab√≥n,1.0,"P√©simo servicio!!!!

1. Me obligaron a pagar una consulta por adelantado para poder realizar un examen.
2. Reprograman las citas y solo indican que los doctores no abrieron citas.
3. La atenci√≥n del personal es terrible, la respuesta del personal de admisi√≥n fue que no pod√≠a hacer nada a√∫n viendo el pago de la consulta me quer√≠an hacer pagar nuevamente.
4. Su soluci√≥n era que pague nuevamente a pesar que ya me hab√≠an obligado a pagar y que solicitara devoluci√≥n del anterior pago.",Google Maps,2026-02-02 23:10:15
Ricardo Campos,4.0,"Estuvimos unos d√≠as (4) por una intervenci√≥n quir√∫rgica,tiempo suficiente para evaluar el servicio. La atenci√≥n m√©dica muy buena, el servicio de enfermeras en su mayor√≠a atentas,por ah√≠ una que otra un poco mal humorada. No nos gust√≥ que las enfermeras,varias de ellas ten√≠an s√≠ntomas de gripe.",Google Maps,2026-02-02 23:10:15
Luis Jara,1.0,"P√©simo servicio estoy en emergencia s√°bado 3 de enero, vine antes de las 12am. Son dos horas y solo pas√© triaje. No hay personas ya y sigo esperando cuando supuestamente hay t√≥picos disponibles. No s√© si ser√°n as√≠ con los EPS pac√≠fico o con todos pero esto es p√©simo. Anteriormente me atend√≠ en el Golf y fue muy r√°pido a pesar que hab√≠a mucha m√°s gente.",Google Maps,2026-02-02 23:10:17
Ximena Amasifuen,1.0,"No le pondr√≠a ni una estrella, hoy fui a atenderme por emergencias porque tengo los brazos hinchados, entumecidos y calientes y me dijeron que solo requer√≠a analg√©sicos. El ""doctor"" ni siquiera se tom√≥ la molestia de revisarme, ni palparme los brazos... UNA PORQUER√çA DE ATENCI√ìN. Aparte ten√≠a una p√©sima actitud, s√∫per soberbio, no me dio tranquilidad, parec√≠a que solo quer√≠a darme una receta y que me fuera, espero no tener que acudir a este sitio nunca m√°s.",Google Maps,2026-02-02 23:10:17
Camila Moquillaza,1.0,"Si pudiera, pondria 0 estrellas.Tuve cita virtual con la Dra. Angelica Valdivia. Queria ponerme en medicinas para bajar de peso sin siquiera haberme revisado o analizado, no queria mandarme examenes para ver mis niveles de glucosa o insulina, solo queria que empiece a medicarme. Actitud totalmente negligente. Y cuando intento comunicarme con atencion al cliente nadie contesta",Google Maps,2026-02-02 23:10:17
Goku Huaman,1.0,"Fui operado de la columna en la Cl√≠nica SANNA ‚Äì San Borja y mi experiencia fue muy negativa.
Despu√©s de la cirug√≠a, nunca me solicitaron im√°genes de control ni me dieron seguimiento adecuado.
El informe m√©dico omiti√≥ informaci√≥n importante, como el implante (caja intersom√°tica) que colocaron en mi columna, y se me dijo que no hab√≠a hernia, cuando luego otros especialistas confirmaron lo contrario.
Pas√© 9 meses con dolor intenso porque el implante estaba mal posicionado y afect√≥ mi nervio ci√°tico. Finalmente tuve que acudir a otra cl√≠nica para someterme a una segunda cirug√≠a correctiva, asumiendo m√°s gastos, m√°s dolor y m√°s tiempo perdido.
Hasta hoy sigo con secuelas por este mal manejo m√©dico.
Comparto mi experiencia para que otros pacientes est√©n informados y no tengan que pasar por lo mismo.",Google Maps,2026-02-02 23:10:17
Genesis Bravo,1.0,"50 minutos para atender una EMERGENCIA. El trato del personal en esa y en todas las √°reas de la cl√≠nica incluyendo ‚Äúdoctores‚Äù es muy poco profesional. Te marean de √°rea en √°rea porque nadie sabe c√≥mo hacer las cosas o a donde tienes que dirigirte, la atenci√≥n virtual es peor todav√≠a. Recomendar√≠a esta ‚Äúcl√≠nica‚Äù si quieren perder su tiempo, su dinero y la salud de sus familiares.",Google Maps,2026-02-02 23:10:18
Daniel P√©rez,5.0,"El lugar se ve moderno aunque no parece tan grande seg√∫n mi experiencia. Est√° ventilado y no muy lleno de gente. Hay wifi dentro de la cl√≠nica. Los precios son razonables para pacientes que tienen seguro y solo deben realizar copagos. Algunas cajas no cuentan con pago de tarjetas MC procesos lo que significa que no puedes pagar con MasterCard, AMEX o Diners Club. Tuve que ir a otra caja para pagar con AMEX lo cual hace perder tiempo, deber√≠an estar modernizado cada puesto de caja.

Actualizaci√≥n despu√©s de una cirug√≠a a la ves√≠cula.

Las pruebas de laboratorio son siempre con el laboratorio Precisa que es bueno y r√°pido. La prueba de COVID-19 molecular que me pidieron para una cirug√≠a la entregaron online a las 24 horas lo cual fue r√°pido. Un d√≠a antes de programada la cirug√≠a ves√≠cula, me llamaron para confirmar mi asistencia, el d√≠a de la cirug√≠a que era a las 8am me dijeron que deb√≠a llegar a las 5am e ingresar por el √°rea de emergencias. El lugar se ve√≠a limpio y casi vac√≠o en esa √°rea. Nos llevaron a mi y a mi acompa√±ante a mi habitaci√≥n donde pude dejar mis cosas en un peque√±o armario, junto al ba√±o. Las Habitaciones son del tama√±o necesario, tienen un ba√±o privado con agua temperada, un tel√©fono fijo con los distintos anexos, la cama a control, un sill√≥n peque√±o, una tv Miray simple hd donde solo puedes ver Movistar TV pero no p√°ginas de streaming como Netflix o Amazon Prime, adem√°s hab√≠a aire acondicionado que pod√≠a ser controlado desde la habitaci√≥n. Los puntos flojos en la habitaci√≥n eran que no hab√≠a ventilaci√≥n por la ventana ya que estaba cerrada herm√©ticamente y que el sof√° cama solo es un sof√° amplio pero no se agranda tanto como para que el acompa√±ante duerma en m√°s c√≥modo (solo se levanta el espaldar y se hace un poco m√°s ancho). Al momento de llegar te indican que puedes vestirte con una bata y un poco despu√©s de las 8am me llevaron a la sala de operaciones con una cama distinta. Para dormirme fue a trav√©s de un gas y despu√©s de la cirug√≠a te llevan a una sala de recuperaci√≥n donde despert√© con mascarilla de ox√≠geno mientras escuchaba todo alrededor. Eventualmente llegaron algunas enfermeras a trasladarte a tu nueva cama para regresar al cuarto. Desde ese momento solo queda reposar y la experiencia con el personal fue buena. Te vienen a medir la presi√≥n, temperatura y ox√≠geno en la sangre cada cierto tiempo de forma amable. La ma√±ana siguiente viene una se√±ora para el aro personal que es delicado a√∫n cuando es inevitable alguna molestia por la cirug√≠a. La segunda ma√±ana tambi√©n fue as√≠ el aseo en la cama pero un poco m√°s brusco y sin tanta dedicaci√≥n ni paciencia pero sin ser mala atenci√≥n, solo un poco fr√≠o. La dieta para cirug√≠a de ves√≠cula es sin grasas y l√≠quida as√≠ que todo estuvo bien aunque sin mucho sabor. Para mi acompa√±ante fue regular y suficiente sin llegar a ser buena. Cada comida aproximadamente cuesta S/. 13 para acompa√±ante y se cobra al final con la cuenta. El precio total aproximado fue de S/.13800 pero se paga se acuerdo a lo que toque cubrir con tu seguro. En mi caso aproximadamente S/.4500. El personal que cuida tu estad√≠a adem√°s del cirujano es muy amable en su mayor√≠a hay personal mayor y joven y todos son buenos. El personal mayormente joven resalt√≥ en su amabilidad. Algunas (02) enfermeras no fueron tan amables y fueron un poco rudas lo cual entiendo porque no todos tenemos d√≠as buenos. Sin embargo, Gloria en el turno de la noche (11/oct) y Maria Auxiliadora (10&12/oct) fueron estupendas, con mucha amabilidad y cari√±o se notaba que quer√≠an su trabajo y a los pacientes. La experiencia en su total fue buena, no imagino haber realizado la cirug√≠a en un hospital del estado con la poca empat√≠a que tienen con los pacientes seg√∫n la mayor√≠a de las experiencias (no todas).",Google Maps,2026-02-02 23:10:18
Anna Karina P√©rez Pab√≥n,1.0,"P√©simo servicio!!!!

1. Me obligaron a pagar una consulta por adelantado para poder realizar un examen.
2. Reprograman las citas y solo indican que los doctores no abrieron citas.
3. La atenci√≥n del personal es terrible, la respuesta del personal de admisi√≥n fue que no pod√≠a hacer nada a√∫n viendo el pago de la consulta me quer√≠an hacer pagar nuevamente.
4. Su soluci√≥n era que pague nuevamente a pesar que ya me hab√≠an obligado a pagar y que solicitara devoluci√≥n del anterior pago.",Google Maps,2026-02-02 23:10:18
Juan Alc√°ntara,4.0,"La atenci√≥n es buena, llevo a mi hija de dos a√±os all√≠ y no he tenido ning√∫n inconveniente hasta el momento. La doctora con la que atiendo a mi hija es bastante paciente y se deja entender muy bien. Lo √∫nico a resaltar ser√≠a la entrega de medicamentos, se entiende que se deba esperar. La √∫ltima vez fueron aprox 20 minutos de espera.",Google Maps,2026-02-02 23:10:18
jorge toti edzar villacorta linares,1.0,Yo ni el 1 le dar√≠a. Empez√© mal con pie izquierdo mi eps en cl√≠nicas. En el √°rea de resonancias principalmente. Groseros en la atenci√≥n. La seguridad de puerta de igual manera.,Google Maps,2026-02-02 23:10:18
Fabrizio C√°nepa,1.0,P√©simo servicio de emergencias. A las 6:45 hab√≠an varios pacientes graves y no atendieron a nadie hasta las 7 por esperar el cambio de turno.,Google Maps,2026-02-02 23:10:18
Mishel Cordova,1.0,"P√©simo servicio, se supone que sacas citas con anticipaci√≥n desde la app a cierta hora y cuando llegas no te atienden a la hora, dejan entrar a gente que no ha reservado su cita solo por ser sus conocidos, como pa√≠s asi no vamos a progresar si se siguen teniendo estos tratos injustos.",Google Maps,2026-02-02 23:10:18
Nathal√≠,1.0,"P√©sima atenci√≥n en emergencia, caja y admisi√≥n. Te dejan horas esperando para atenderte sin importar tu dolor",Google Maps,2026-02-02 23:10:18
rodrigo granda,1.0,"Adem√°s de que te atienden de mala gana, no hay estacionamiento para los pacientes. Si llegas con ni√±os o personas ancianas, considera atenderte en esta clinica. Hay una cochera ‚Äúexclusiva para pacientes‚Äù a 2 cuadras pero te clavan 15 soles‚Ä¶",Google Maps,2026-02-02 23:10:18
Miguel Torres Vel√°squez,1.0,"P√©simo servicio de atenci√≥n al cliente y paciente üò°. El personal del modulo de admision, hospitalizacion y de atenci√≥n al cliente  deja mucho que desear y esperar de una cl√≠nica cual eslogan es mereces una vida Sana.‚Ä¶",Google Maps,2026-02-02 23:10:18
Mayra Medina,1.0,"El sistema en caja se malogra (pantallas) y las personas encargadas lo √∫nico que saben decir es ‚Äúnosotros no vemos el sistema‚Äù. Si son de atenci√≥n al cliente, deber√≠an tener vocaci√≥n y saber atender",Google Maps,2026-02-02 23:10:18
Enrique Mej√≠a Ragas,2.0,"Fui para un examen de rutina, vengo atendi√©ndome en el golf hace a√±os sin inconvenientes.
Pero esta sede NECESITA capacitar bien a su personal. Era incre√≠ble la cantidad‚Ä¶",Google Maps,2026-02-02 23:10:18
Pilar Garc√≠a Tamariz,4.0,"Es una buena cl√≠nica, bien equipada y con buenos doctores. Ha implementado sus protocolos para ofrecer seguridad en esta pandemia. Hay distanciamiento.",Google Maps,2026-02-02 23:10:18
rodrigo granda,1.0,"Adem√°s de que te atienden de mala gana, no hay estacionamiento para los pacientes. Si llegas con ni√±os o personas ancianas, considera atenderte en esta clinica. Hay una cochera ‚Äúexclusiva para pacientes‚Äù a 2 cuadras pero te clavan 15 soles la hora ‚ÄºÔ∏è
Seriamente considerando cambiarme a la EPS de Rimac, por lo menos en la Internacional si tienen cochera y hay mejores medicos.",Google Maps,2026-02-02 23:10:21
Enrique Mej√≠a Ragas,2.0,"Fui para un examen de rutina, vengo atendi√©ndome en el golf hace a√±os sin inconvenientes.
Pero esta sede NECESITA capacitar bien a su personal. Era incre√≠ble la cantidad de personas haciendo reclamos por errores (desde confundir apellidos, dni de pacientes, confundirse de p√≥liza de seguro etc‚Ä¶) solo ten√≠a que hacer un pago y la se√±orita de recepci√≥n quizo cobrar algo por error.
Consult√≥ con su superior y en efecto me hab√≠an cobrado de mas. Menciono con todo respeto que por favor capaciten a su personal porque era claro que estaban cometiendo demasiados errores.
Y la supuesta superior en vez de empezar con un disculpas por hacerme estar parado en caja por casi media hora (hizo que mi examen empiece m√°s tarde) me dice ‚Äúya‚Äù y que lo van a solucionar en una semana, cuando no era mi problema. Ni las mas m√≠nimas disculpas. Como si le hicieran el favor a uno.
Necesitan urgentemente hacer algo al respecto porque la mala preparaci√≥n del personal termina afect√°ndonos y agregando mas estr√©s en todos.
Un desastre y desconsiderado ver a adultos mayores que ya tienen suficiente con los problemas de salud. Tener que lidiar con problemas innecesarios por culpa de un personal mal capacitado.",Google Maps,2026-02-02 23:10:21
Jorge Lindo Pereda (lindopereda),4.0,Cl√≠nica perteneciente a la cadena de cl√≠nicas Sanna de Pac√≠fico Seguros (antes solo cl√≠nica San Borja) ubicada en la avenida Guardia civil en el distrito de San Borja.‚Ä¶,Google Maps,2026-02-02 23:10:21
sercanel,1.0,"se equivocaron al entregarme los resultados,solicite una ecografia a vias urinarias y me dieron unos resultados de una radiografia de columna. Haciendome perder el tiempo.",Google Maps,2026-02-02 23:10:21
yovana lozano olortegui,1.0,La peor atenci√≥n m√©dica que he conocido. En emergencia te dejan esperando horas. La atenci√≥n de admisi√≥n y caja es la peor.,Google Maps,2026-02-02 23:10:21
Virna Llimpe,1.0,P√©sima atenci√≥n tengo pagando un seguro particular desde m√°s de 15 a√±os y cuando lo necesito y requiero unos ex√°menes me dicen que los equipos no funcionan pese a que espere m√°s de 3 semanas por esa atenci√≥n. El copago que ten√≠a que‚Ä¶,Google Maps,2026-02-02 23:10:21
Marco Va,1.0,"La peor cl√≠nica de todas las que hay en San Borja...para una emergencia te hacen esperar mucho tiempo, te atienden de mala gana y peor a√∫n no tienen tomograf√≠a, te dicen que si quieres puedes esperar a que se desocupe la ambulancia y si‚Ä¶",Google Maps,2026-02-02 23:10:21
Milagros Arqui√±igo Enriquez,1.0,"Hace meses fui al √°rea de pediatr√≠a de la Cl√≠nica Sanna San Borja y vi que es un foco infeccioso para los ni√±os, beb√©s y p√∫blico en general. Como pueden apreciar en las im√°genes, el √°rea de juegos est√° s√∫per sucio, lleno de polvo, marcas‚Ä¶",Google Maps,2026-02-02 23:10:21
RR& Solutions,1.0,"Hace una semana llev√© a mi hijo de 1 a√±o y 9 meses a emergencia de pediatr√≠a en esta cl√≠nica, esperando recibir una atenci√≥n de calidad. La experiencia fue terrible. La atenci√≥n m√©dica fue deficiente, y el personal parec√≠a m√°s preocupado‚Ä¶",Google Maps,2026-02-02 23:10:21
Halyna Shmyhelska,1.0,"Muy decepcionada con la atenci√≥n en emergencias de la Cl√≠nica Sanna San Borja

El d√≠a lunes 20 de mayo a las 8:15 p.m. acud√≠ por una bronquitis grave, con‚Ä¶",Google Maps,2026-02-02 23:10:21
Lourdes Huerta Mancilla,1.0,"P√©simo servicio en el area de emergencia de sanna san borja, tantas madres y padres con beb√©s (incluyendome) y no nos llaman por que no somos prioridad alta, cuando quieren llaman a la prioridad baja y estamos m√°s de 10 horas esperando",Google Maps,2026-02-02 23:10:21
Norvel Alegre,5.0,"Me agrada tiene todo y el personal es muy amable, me toc√≥ estar aqu√≠ un buen tiempo aproximadamente 6 d√≠as, en verdad tienen sus ventajas y desventajas como muchos indican el trato en la cl√≠nica todo se paga entonces merecemos mejor trato, pero hay algunas que vienen de mal humor. Feliz por el nacimiento de mi hijo.",Google Maps,2026-02-02 23:10:21
Jorge Lindo Pereda (lindopereda),4.0,"Cl√≠nica perteneciente a la cadena de cl√≠nicas Sanna de Pac√≠fico Seguros (antes solo cl√≠nica San Borja) ubicada en la avenida Guardia civil en el distrito de San Borja.
La cl√≠nica tiene muy buena atenci√≥n y se encuentra muy bien equipada con el equipamiento adecuado para el servicio.
Tiene una cantidad considerable de cuartos de hospitalizaci√≥n.
La atenci√≥n de todo el personal es buena, siendo muy amables y seviciales",Google Maps,2026-02-02 23:10:24
Virna Llimpe,1.0,P√©sima atenci√≥n tengo pagando un seguro particular desde m√°s de 15 a√±os y cuando lo necesito y requiero unos ex√°menes me dicen que los equipos no funcionan pese a que espere m√°s de 3 semanas por esa atenci√≥n. El copago que ten√≠a que realizar en la cl√≠nica con el seguro que tengo  es m√°s de lo que me est√°n cobrando particularmente en otro lado. Hasta eso lucran.,Google Maps,2026-02-02 23:10:24
Marco Va,1.0,"La peor cl√≠nica de todas las que hay en San Borja...para una emergencia te hacen esperar mucho tiempo, te atienden de mala gana y peor a√∫n no tienen tomograf√≠a, te dicen que si quieres puedes esperar a que se desocupe la ambulancia y si quieres nom√°s porque si hay otro herido tienes que seguir esperando...en resumen, mejor est√° Cl√≠nica Internacional que est√° al costado -_-",Google Maps,2026-02-02 23:10:24
Milagros Arqui√±igo Enriquez,1.0,"Hace meses fui al √°rea de pediatr√≠a de la Cl√≠nica Sanna San Borja y vi que es un foco infeccioso para los ni√±os, beb√©s y p√∫blico en general. Como pueden apreciar en las im√°genes, el √°rea de juegos est√° s√∫per sucio, lleno de polvo, marcas negras y hasta comida. No existe un √°rea para colocar zapatos de los beb√©s y no le dan mantenimiento al lugar. ¬°Terrible! Si as√≠ est√° el √°rea de pediatr√≠a, c√≥mo estar√°n las dem√°s √°reas... Deplorable",Google Maps,2026-02-02 23:10:24
RR& Solutions,1.0,"Hace una semana llev√© a mi hijo de 1 a√±o y 9 meses a emergencia de pediatr√≠a en esta cl√≠nica, esperando recibir una atenci√≥n de calidad. La experiencia fue terrible. La atenci√≥n m√©dica fue deficiente, y el personal parec√≠a m√°s preocupado por desocupar la cama que por atender correctamente al paciente.

Mi hijo estuvo dos d√≠as hospitalizado, y jam√°s le subieron la comida. Solo despu√©s de reclamar varias veces, se la llevaron reci√©n a las 10 a.m., cuando deb√≠a ser a las 7 a.m.. Es inaceptable que un centro de salud trate as√≠ a un paciente pedi√°trico.

A pesar de que el alta fue en la tarde, no le proporcionaron comida ni desayuno ni almuerzo, antes de su salida. Para colmo, mi esposa fue pr√°cticamente expulsada de la cl√≠nica, tratada con indiferencia y sin el m√°s m√≠nimo respeto, la estaban apurando para que se fuera y eso que la habitacion estaba pagada hasta las 11:59pm.

Como si esto fuera poco, la administraci√≥n tambi√©n es un desastre. Nos informaron que hab√≠a un monto a reembolsar en tres d√≠as h√°biles, pero ya pas√≥ m√°s de una semana y a√∫n no lo devuelven. Hemos llamado varias veces y contactado por WhatsApp, pero el servicio de atenci√≥n solo da excusas y no ofrece ninguna soluci√≥n real.

Si valoran el bienestar de sus seres queridos, eviten esta cl√≠nica a toda costa. Es una instituci√≥n mal administrada, con un servicio deficiente y sin empat√≠a por los pacientes. No la recomiendo en absoluto.",Google Maps,2026-02-02 23:10:24
Halyna Shmyhelska,1.0,"Muy decepcionada con la atenci√≥n en emergencias de la Cl√≠nica Sanna San Borja

El d√≠a lunes 20 de mayo a las 8:15 p.m. acud√≠ por una bronquitis grave, con fiebre, tos seca, dolor de garganta y dificultad para respirar. A pesar de mi estado, esper√© m√°s de una hora y cuarenta minutos sin que nadie me informara claramente sobre los tiempos de espera ni que la atenci√≥n en emergencia era preferencial. De haberlo sabido desde el inicio, me habr√≠a dirigido a otra cl√≠nica, ya que cuento con seguro Pac√≠fico que me permite atenderme en distintas instituciones afiliadas.

Solo despu√©s de reclamar en admisi√≥n y manifestar mi malestar, procedieron a atenderme. Considero inaceptable que no se brinde informaci√≥n clara al paciente, especialmente en una situaci√≥n de urgencia m√©dica.

Adem√°s, el trato del personal fue poco profesional. Al solicitarle al enfermero que me acomodara la camilla para mayor comodidad al colocarme la v√≠a, su respuesta fue: ‚Äúlo que me ordenes‚Äù, en un tono que me pareci√≥ irrespetuoso y fuera de lugar.

No esperaba este nivel de atenci√≥n de una cl√≠nica privada y mucho menos de una instituci√≥n afiliada a mi seguro. Esta experiencia ha sido frustrante, y me deja con serias dudas sobre volver a atenderme en esta sede.",Google Maps,2026-02-02 23:10:24
Yanin Rodriguez,1.0,Malisima atenci√≥n desde emergencia personal sin entrenamiento falta de empatia con los pacientes y maltrato. En general la atenci√≥m a bajado su calidad y servicio. Qu√© pena para los qu√© pasamos por aqu√≠.,Google Maps,2026-02-02 23:10:24
Luz Mar√≠a Sanabria,1.0,"De las peores cl√≠nicas en cuesti√≥n de trato al cliente. De sus √∫ltimos cambios innovadores, si haces cola para caja y pagar una consulta, ahora las personas que atienden te dicen que no pueden cobrar y te mandan a un m√≥dulo autoservicio, el‚Ä¶",Google Maps,2026-02-02 23:10:24
Alfredo Solari,5.0,"La atenci√≥n super lenta, el personal desaseado, los pasillos no tienen ventilaci√≥n. Despu√©s de una hora nos atendieron.",Google Maps,2026-02-02 23:10:24
Yosseline Campos,1.0,"La peor de la atenciones, sobre todo el personal de Emergencia!!!
Cero empatia de parte de enfermer√≠a y personal de laboratorio, totalmente desafiantes inclusive para invitarte a presentar tu reclamo al libro de reclamaciones.",Google Maps,2026-02-02 23:10:24
Diana Echevarr√≠a Inti,1.0,"El personal de atenci√≥n telef√≥nica es poco preparado. Me dicen que el m√©dico se queda hasta determinado horario pero no le preguntan si podr√° atender o no. Me responde ‚Äútendr√≠as que estar presencial y ver si te atiende, es una‚Ä¶",Google Maps,2026-02-02 23:10:24
